{
  "baseline": 0.004522613065326633,
  "cdf": [
    0.0,
    7.213499529536067e-05,
    0.00025118864315095795,
    0.0005211518290286824,
    0.0008746896591546224,
    0.0013070494407390915,
    0.0018147560732948993,
    0.0023950935424612084,
    0.0030458463019454054,
    0.003765152098338167,
    0.0045514105075652005,
    0.00540322236704425,
    0.006319347687407748,
    0.007298675275859035,
    0.008340200130146058,
    0.009443006184210609,
    0.010606252855487957,
    0.011829164364307447,
    0.013111021120415501,
    0.01445115268109951,
    0.015848931924611134,
    0.017303770177534383,
    0.018815113100978356,
    0.020382437187615822,
    0.0220052467557475,
    0.02368307135172497,
    0.02541546349085831,
    0.027201996681163115,
    0.029042263685204236,
    0.03093587498374133,
    0.032882457411493315,
    0.03488165294056271,
    0.03693311759122467,
    0.039036520453130205,
    0.04119154280268115,
    0.043397877304541366,
    0.04565522728706038,
    0.04796330608288012,
    0.0503218364272379,
    0.05273054990751478,
    0.05518918645844859,
    0.05769749389816443,
    0.060255227500796926,
    0.062862149602007,
    0.06551802923414797,
    0.06822264178822267,
    0.07097576870010729,
    0.07377719715880526,
    0.07662671983474477,
    0.07952413462634991,
    0.08246924442330589,
    0.08546185688510363,
    0.08850178423359512,
    0.09158884305841825,
    0.0947228541342634,
    0.09790364224905335,
    0.10113103604219648,
    0.10440486785215228,
    0.10772497357261797,
    0.11109119251670668,
    0.11450336728854528,
    0.1179613436617678,
    0.12146497046442709,
    0.1250140994698865,
    0.1286085852932905,
    0.1322482852932456,
    0.1359330594783727,
    0.13966277041841904,
    0.14343728315964194,
    0.1472564651441987,
    0.15112018613329828,
    0.15502831813388582,
    0.15898073532865198,
    0.16297731400917037,
    0.16701793251198283,
    0.1711024711574641,
    0.17523081219130948,
    0.1794028397284994,
    0.18361843969960553,
    0.18787749979931137,
    0.192179909437029,
    0.19652555968950144,
    0.20091434325528693,
    0.20534615441102888,
    0.2098208889694195,
    0.2143384442387733,
    0.2188987189841297,
    0.22350161338980992,
    0.2281470290233578,
    0.2328348688007977,
    0.2375650369531478,
    0.24233743899412907,
    0.24715198168901525,
    0.2520085730245709,
    0.25690712218002854,
    0.26184753949905826,
    0.26682973646268543,
    0.2718536256631149,
    0.2769191207784229,
    0.28202613654807834,
    0.2871745887492587,
    0.29236439417392723,
    0.2975954706066389,
    0.3028677368030458,
    0.3081811124690731,
    0.3135355182407378,
    0.3189308756645852,
    0.3243671071787188,
    0.32984413609439844,
    0.33536188657818694,
    0.34092028363462246,
    0.3465192530893965,
    0.35215872157301914,
    0.3578386165049522,
    0.3635588660781943,
    0.3693193992442987,
    0.37512014569881064,
    0.3809610358671078,
    0.3868420008906287,
    0.39276297261347665,
    0.3987238835693844,
    0.40472466696902826,
    0.4107652566876786,
    0.4168455872531751,
    0.42296559383421634,
    0.4291252122289522,
    0.43532437885386954,
    0.4415630307329608,
    0.4478411054871667,
    0.45415854132408334,
    0.46051527702792594,
    0.46691125194973976,
    0.4733464059978516,
    0.47982067962855285,
    0.4863340138370079,
    0.49288635014837984,
    0.4994776306091678,
    0.5061077977787479,
    0.5127767947211131,
    0.5194845649968052,
    0.5262310526550318,
    0.5330162022259661,
    0.5398399587132202,
    0.546702267586489,
    0.55360307477436,
    0.560542326657282,
    0.5675199700606902,
    0.5745359522482828,
    0.5815902209154428,
    0.5886827241828044,
    0.5958134105899568,
    0.6029822290892826,
    0.6101891290399273,
    0.6174340602018968,
    0.6247169727302777,
    0.6320378171695786,
    0.6393965444481879,
    0.6467931058729469,
    0.6542274531238319,
    0.6616995382487459,
    0.669209313658415,
    0.6767567321213861,
    0.6843417467591262,
    0.6919643110412165,
    0.6996243787806435,
    0.7073219041291797,
    0.7150568415728563,
    0.7228291459275217,
    0.7306387723344867,
    0.7384856762562517,
    0.746369813472316,
    0.7542911400750651,
    0.7622496124657364,
    0.7702451873504587,
    0.7782778217363664,
    0.7863474729277848,
    0.7944540985224853,
    0.8025976564080083,
    0.8107781047580545,
    0.8189954020289386,
    0.8272495069561094,
    0.8355403785507295,
    0.8438679760963168,
    0.8522322591454451,
    0.8606331875165024,
    0.8690707212905057,
    0.8775448208079706,
    0.886055446665836,
    0.8946025597144401,
    0.9031861210545497,
    0.9118060920344372,
    0.9204624342470107,
    0.9291551095269887,
    0.937884079948124,
    0.9466493078204734,
    0.9554507556877125,
    0.9642883863244941,
    0.9731621627338503,
    0.982072048144637,
    0.9910180060090198,
    1.0
  ],
  "k_resolution": 150,
  "op": "baseline_numeric"
}
